{
  "assembly": "fmb1",
  "frame": "world",
  "source_topic": "/objects_poses_sim",
  "msg_type": "tf2_msgs/msg/TFMessage",
  "units": "metres",
  "objects": {
    "base1": {
      "position": {
        "x": 1.2322760767347063e-07,
        "y": -0.3999999761581421,
        "z": 0.017499998211860657
      },
      "quaternion": {
        "x": 3.6443751127990254e-08,
        "y": 7.068798879572569e-08,
        "z": 5.1501252151808785e-09,
        "w": 1.0
      },
      "rpy": {
        "x": 7.288750298408529e-08,
        "y": 1.413759772160721e-07,
        "z": 1.0300255582632802e-08
      }
    },
    "inverted_u_yellow": {
      "position": {
        "x": -6.976523764024023e-06,
        "y": -0.39996829628944397,
        "z": 0.03800017386674881
      },
      "quaternion": {
        "x": 0.7071028351783752,
        "y": -2.8740578272845596e-05,
        "z": 2.792797386064194e-05,
        "w": -0.7071108222007751
      },
      "rpy": {
        "x": -1.5707851674830486,
        "y": 1.1496488707804786e-06,
        "z": -8.014143396663047e-05
      }
    },
    "line_green": {
      "position": {
        "x": -0.00011572757648536935,
        "y": -0.40004587173461914,
        "z": 0.040450211614370346
      },
      "quaternion": {
        "x": 8.29962516490923e-08,
        "y": -9.175763011626259e-07,
        "z": 0.00019828559015877545,
        "w": 1.0
      },
      "rpy": {
        "x": 1.6562861898168077e-07,
        "y": -1.8351855162477603e-06,
        "z": 0.00039657119056061316
      }
    },
    "u_brown": {
      "position": {
        "x": 2.6839452971216815e-07,
        "y": -0.44749975204467773,
        "z": 0.03800012916326523
      },
      "quaternion": {
        "x": 0.7071083784103394,
        "y": -7.954678835631057e-07,
        "z": -3.3554766787347035e-07,
        "w": -0.707105278968811
      },
      "rpy": {
        "x": -1.5708008444317545,
        "y": 1.5994962140546827e-06,
        "z": -6.504289558504941e-07
      }
    },
    "u_orange": {
      "position": {
        "x": -0.0008325745002366602,
        "y": -0.35180968046188354,
        "z": 0.03800012916326523
      },
      "quaternion": {
        "x": 0.7071080803871155,
        "y": -8.36800318211317e-05,
        "z": 8.253841224359348e-05,
        "w": -0.7071055173873901
      },
      "rpy": {
        "x": -1.570800015496859,
        "y": 1.6140679122143565e-06,
        "z": -0.00023506838888839998
      }
    }
  }
}