{
  "assembly": "fmb2",
  "frame": "world",
  "source_topic": "/objects_poses_sim",
  "msg_type": "tf2_msgs/msg/TFMessage",
  "units": "metres",
  "objects": {
    "base2": {
      "position": {
        "x": 1.2590820119839918e-07,
        "y": -0.4000000059604645,
        "z": 0.017500000074505806
      },
      "quaternion": {
        "x": -1.7253508843850796e-08,
        "y": 5.258989688172733e-09,
        "z": 3.916249546875861e-09,
        "w": 1.0
      },
      "rpy": {
        "x": -3.4507017646510564e-08,
        "y": 1.0517979511483559e-08,
        "z": 7.83249891227967e-09
      }
    },
    "hex_blue": {
      "position": {
        "x": 0.05259762331843376,
        "y": -0.4000028371810913,
        "z": 0.04500021040439606
      },
      "quaternion": {
        "x": 0.7071167230606079,
        "y": 5.036592483520508e-05,
        "z": 8.054077625274658e-05,
        "w": 0.7070969939231873
      },
      "rpy": {
        "x": 1.5708244519259145,
        "y": -4.267627147188429e-05,
        "z": 0.00018512945822596026
      }
    },
    "hex_red": {
      "position": {
        "x": -0.05260312184691429,
        "y": -0.40000200271606445,
        "z": 0.04499990493059158
      },
      "quaternion": {
        "x": 0.7071197032928467,
        "y": 3.260374069213867e-05,
        "z": 1.4990568161010742e-05,
        "w": 0.7070939540863037
      },
      "rpy": {
        "x": 1.5708328784858805,
        "y": 2.4907563630182874e-05,
        "z": 6.730897519056533e-05
      }
    },
    "inverted_u_brown": {
      "position": {
        "x": -1.0784773621708155e-05,
        "y": -0.4000338017940521,
        "z": 0.055500030517578125
      },
      "quaternion": {
        "x": 0.7071123123168945,
        "y": 1.491696821176447e-05,
        "z": -1.4925178220437374e-05,
        "w": -0.7071012854576111
      },
      "rpy": {
        "x": -1.5708119716994287,
        "y": 1.1939771052491693e-08,
        "z": 4.220316919319525e-05
      }
    },
    "u_green": {
      "position": {
        "x": -3.915753040928394e-06,
        "y": -0.4000083804130554,
        "z": 0.0375000536441803
      },
      "quaternion": {
        "x": 0.5000066161155701,
        "y": -0.49999186396598816,
        "z": 0.4999932646751404,
        "w": -0.5000084638595581
      },
      "rpy": {
        "x": -1.570793287178584,
        "y": 4.4698623469231857e-07,
        "z": -1.57076658430648
      }
    }
  }
}