{
  "assembly": "fmb3",
  "frame": "world",
  "source_topic": "/objects_poses_sim",
  "msg_type": "tf2_msgs/msg/TFMessage",
  "units": "metres",
  "objects": {
    "base3": {
      "position": {
        "x": 8.470377110825211e-08,
        "y": -0.3999999463558197,
        "z": 0.01749998889863491
      },
      "quaternion": {
        "x": 1.7743337465958575e-08,
        "y": 1.0106239756169089e-07,
        "z": 1.173690744593614e-08,
        "w": 1.0
      },
      "rpy": {
        "x": 3.5486677304237895e-08,
        "y": 2.0212479470687934e-07,
        "z": 2.3473818478241208e-08
      }
    },
    "fork_orange": {
      "position": {
        "x": -0.00017842798843048513,
        "y": -0.36399608850479126,
        "z": 0.0520000196993351
      },
      "quaternion": {
        "x": 0.7071070075035095,
        "y": 0.00018404966976959258,
        "z": -0.00018422324501443654,
        "w": -0.7071065902709961
      },
      "rpy": {
        "x": -1.5707970346645115,
        "y": 2.456261269292323e-07,
        "z": 0.0005208165872524544
      }
    },
    "fork_yellow": {
      "position": {
        "x": 0.00011951786291319877,
        "y": -0.4363166093826294,
        "z": 0.052000027149915695
      },
      "quaternion": {
        "x": 0.7071074843406677,
        "y": 2.614354707475286e-05,
        "z": -2.6206020265817642e-05,
        "w": -0.7071061730384827
      },
      "rpy": {
        "x": -1.570798316982772,
        "y": 8.841908612591312e-08,
        "z": 7.403347307663238e-05
      }
    },
    "line_brown": {
      "position": {
        "x": 0.02550073340535164,
        "y": -0.4000001549720764,
        "z": 0.04045004025101662
      },
      "quaternion": {
        "x": 3.628295885960142e-08,
        "y": 3.8552930163859855e-06,
        "z": 1.0455040211354572e-07,
        "w": 1.0
      },
      "rpy": {
        "x": 7.256672386623032e-08,
        "y": 7.710586025261577e-06,
        "z": 2.0910108399618462e-07
      }
    },
    "line_red": {
      "position": {
        "x": -0.025500549003481865,
        "y": -0.4000001847743988,
        "z": 0.04045005515217781
      },
      "quaternion": {
        "x": 6.702658339463596e-08,
        "y": -2.393123168076272e-06,
        "z": -3.5648618279537914e-08,
        "w": 1.0
      },
      "rpy": {
        "x": 1.340533374138764e-07,
        "y": -4.786246331392008e-06,
        "z": -7.129755736563174e-08
      }
    }
  }
}