{
  "motion_tag": "grasp_home",
  "traj_dump": "/tmp/arm_traj/20260424T071012_531_grasp_home.json",
  "start_wall": 1777039812.5957189,
  "start_ref_pos": {
    "shoulder_pan": 1.869652692109091,
    "shoulder_lift": -0.11003898142903726,
    "elbow_flex": 0.07915127807938295,
    "wrist_flex": 0.8038065395432259,
    "wrist_roll": -1.5806055888606976
  },
  "end_wall": 1777039816.3969147,
  "duration_s": 3.8011958599090576,
  "samples": 38,
  "peak_ref_vel_rad_s": {
    "shoulder_pan": 1.1663721443689217,
    "shoulder_lift": 0.1085897867616731,
    "elbow_flex": 0.28832792070855967,
    "wrist_flex": 0.5163072987871078,
    "wrist_roll": 0.34758883466311963
  },
  "peak_abs_err_ros2_control_rad": {
    "shoulder_pan": 0.023532468368728465,
    "shoulder_lift": 0.002195251340917137,
    "elbow_flex": 0.005828837807265275,
    "wrist_flex": 0.010416902732039324,
    "wrist_roll": 0.007026856559325445
  },
  "peak_isaac_lag_rad": {
    "shoulder_pan": 0.344902145408712,
    "shoulder_lift": 0.025849214904933783,
    "elbow_flex": 0.07773585617889078,
    "wrist_flex": 0.15227797438942647,
    "wrist_roll": 0.09286900932245157
  },
  "peak_isaac_lag_deg": {
    "shoulder_pan": 19.76143727692662,
    "shoulder_lift": 1.4810509177793674,
    "elbow_flex": 4.453936475886405,
    "wrist_flex": 8.724885245315376,
    "wrist_roll": 5.321002281737572
  },
  "closest_approach_to_cups_mm": {
    "cup_red": 8.97578376410563,
    "cup_green": 17.585845728448174,
    "cup_blue": 2.070351247070053
  },
  "cup_displacement_during_motion_mm": {},
  "differential_lag_max_minus_min_rad": 0.3190529305037782,
  "differential_lag_max_minus_min_deg": 18.280386359147254,
  "realtime_factor": 0.16222964808786763,
  "sim_time_advance_s": 0.6166666666661058,
  "render_fps_mean": null,
  "render_fps_min": null,
  "app_dt_ms_mean": null,
  "app_dt_ms_max": null
}