{
  "exported_at": "2025-11-28T04:44:39.720682",
  "model_file": "fork_orange.obj",
  "total_markers": 6,
  "aruco_dictionary": "DICT_4X4_50",
  "size": 0.021,
  "border_width": 0.05,
  "cad_object_info": {
    "center": [
      0.0,
      0.0,
      0.0
    ],
    "dimensions": {
      "length": 0.10920000076293945,
      "width": 0.07000000000000006,
      "height": 0.020999999046325685
    },
    "position": [
      0.0,
      0.0,
      0.0
    ],
    "rotation": {
      "roll": 0.0,
      "pitch": 0.0,
      "yaw": 0.0,
      "quaternion": {
        "x": 0.0,
        "y": 0.0,
        "z": 0.0,
        "w": 1.0
      }
    }
  },
  "markers": [
    {
      "aruco_id": 0,
      "face_type": "left",
      "surface_normal": [
        -0.9999999900000002,
        0.0,
        0.0
      ],
      "T_object_to_marker": {
        "position": {
          "x": -0.05460000038146973,
          "y": 0.0,
          "z": 0.0
        },
        "rotation": {
          "roll": 0.0,
          "pitch": -1.5707963267948966,
          "yaw": 0.0,
          "quaternion": {
            "x": 0.0,
            "y": -0.7071067756329438,
            "z": 0.0,
            "w": 0.7071067867401511
          }
        }
      }
    },
    {
      "aruco_id": 1,
      "face_type": "right",
      "surface_normal": [
        0.9999999900000002,
        0.0,
        0.0
      ],
      "T_object_to_marker": {
        "position": {
          "x": 0.05460000038146973,
          "y": 0.0,
          "z": 0.0
        },
        "rotation": {
          "roll": 0.0,
          "pitch": 1.5707963267948966,
          "yaw": 0.0,
          "quaternion": {
            "x": 0.0,
            "y": 0.7071067756329438,
            "z": 0.0,
            "w": 0.7071067867401511
          }
        }
      }
    },
    {
      "aruco_id": 2,
      "face_type": "back",
      "surface_normal": [
        0.0,
        -0.9999999900000002,
        0.0
      ],
      "T_object_to_marker": {
        "position": {
          "x": 0.0,
          "y": -0.03500000000000003,
          "z": 0.0
        },
        "rotation": {
          "roll": 1.5707963267948966,
          "pitch": 0.0,
          "yaw": 3.141592653589793,
          "quaternion": {
            "x": 4.329780247171452e-17,
            "y": -0.7071067756329439,
            "z": 0.7071067867401513,
            "w": 4.3297803151834814e-17
          }
        }
      }
    },
    {
      "aruco_id": 3,
      "face_type": "front",
      "surface_normal": [
        0.0,
        0.9999999900000002,
        0.0
      ],
      "T_object_to_marker": {
        "position": {
          "x": 0.0,
          "y": 0.03500000000000003,
          "z": 0.0
        },
        "rotation": {
          "roll": -1.5707963267948966,
          "pitch": 0.0,
          "yaw": 3.141592653589793,
          "quaternion": {
            "x": -4.329780247171452e-17,
            "y": 0.7071067756329439,
            "z": 0.7071067867401513,
            "w": 4.3297803151834814e-17
          }
        }
      }
    },
    {
      "aruco_id": 4,
      "face_type": "bottom",
      "surface_normal": [
        0.0,
        0.0,
        -0.9999999900000002
      ],
      "T_object_to_marker": {
        "position": {
          "x": 0.0,
          "y": 0.0,
          "z": -0.010499999523162842
        },
        "rotation": {
          "roll": 3.141592653589793,
          "pitch": 0.0,
          "yaw": 3.141592653589793,
          "quaternion": {
            "x": 6.123233995736766e-17,
            "y": -1.0,
            "z": 6.123233995736766e-17,
            "w": 3.749399456654644e-33
          }
        }
      }
    },
    {
      "aruco_id": 5,
      "face_type": "top",
      "surface_normal": [
        0.0,
        0.0,
        0.9999999900000002
      ],
      "T_object_to_marker": {
        "position": {
          "x": 0.0,
          "y": 0.0,
          "z": 0.010499999523162842
        },
        "rotation": {
          "roll": 0.0,
          "pitch": 0.0,
          "yaw": 3.141592653589793,
          "quaternion": {
            "x": 0.0,
            "y": 0.0,
            "z": 1.0,
            "w": 6.123233995736766e-17
          }
        }
      }
    }
  ],
  "notes": "T_object_to_marker is the complete transform from object center to marker, including full rotation (base + in-plane)."
}