{
  "exported_at": "2026-01-18T23:03:40.373608",
  "model_file": "hex_blue.obj",
  "total_markers": 4,
  "aruco_dictionary": "DICT_6X6_50",
  "size": 0.007,
  "border_width": 0.05,
  "cad_object_info": {
    "center": [
      0.0,
      0.0,
      0.0
    ],
    "dimensions": {
      "length": 0.016165779829025267,
      "width": 0.07000000000000006,
      "height": 0.014015300273895264
    },
    "position": [
      0.0,
      0.0,
      0.0
    ],
    "rotation": {
      "roll": 0.0,
      "pitch": 0.0,
      "yaw": 0.0,
      "quaternion": {
        "x": 0.0,
        "y": 0.0,
        "z": 0.0,
        "w": 1.0
      }
    }
  },
  "markers": [
    {
      "aruco_id": 16,
      "face_type": "back",
      "surface_normal": [
        0.0,
        -0.9999999900000002,
        0.0
      ],
      "T_object_to_marker": {
        "position": {
          "x": 0.0,
          "y": -0.03500000000000003,
          "z": 0.0
        },
        "rotation": {
          "roll": 1.5707963267948966,
          "pitch": 0.0,
          "yaw": 0.0,
          "quaternion": {
            "x": 0.7071067756329438,
            "y": 0.0,
            "z": 0.0,
            "w": 0.7071067867401511
          }
        }
      }
    },
    {
      "aruco_id": 17,
      "face_type": "front",
      "surface_normal": [
        0.0,
        0.9999999900000002,
        0.0
      ],
      "T_object_to_marker": {
        "position": {
          "x": 0.0,
          "y": 0.03500000000000003,
          "z": 0.0
        },
        "rotation": {
          "roll": -1.5707963267948966,
          "pitch": 0.0,
          "yaw": 0.0,
          "quaternion": {
            "x": -0.7071067756329438,
            "y": 0.0,
            "z": 0.0,
            "w": 0.7071067867401511
          }
        }
      }
    },
    {
      "aruco_id": 18,
      "face_type": "bottom",
      "surface_normal": [
        0.0,
        0.0,
        -0.9999999900000002
      ],
      "T_object_to_marker": {
        "position": {
          "x": 0.0,
          "y": 0.01450000000000001,
          "z": -0.007007650136947634
        },
        "rotation": {
          "roll": 3.141592653589793,
          "pitch": 0.0,
          "yaw": 0.0,
          "quaternion": {
            "x": 1.0,
            "y": 0.0,
            "z": 0.0,
            "w": 6.123233995736766e-17
          }
        }
      }
    },
    {
      "aruco_id": 19,
      "face_type": "top",
      "surface_normal": [
        0.0,
        0.0,
        0.9999999900000002
      ],
      "T_object_to_marker": {
        "position": {
          "x": 0.0,
          "y": 0.01450000000000001,
          "z": 0.007007650136947632
        },
        "rotation": {
          "roll": 0.0,
          "pitch": 0.0,
          "yaw": 0.0,
          "quaternion": {
            "x": 0.0,
            "y": 0.0,
            "z": 0.0,
            "w": 1.0
          }
        }
      }
    }
  ],
  "notes": "T_object_to_marker is the complete transform from object center to marker, including full rotation (base + in-plane)."
}