{
  "exported_at": "2026-02-07T18:59:42.680073",
  "model_file": "line_brown.obj",
  "total_markers": 6,
  "aruco_dictionary": "DICT_4X4_50",
  "size": 0.021,
  "border_width": 0.05,
  "cad_object_info": {
    "center": [
      0.0,
      0.0,
      0.0
    ],
    "dimensions": {
      "length": 0.025899999141693116,
      "width": 0.14,
      "height": 0.025899999141693116
    },
    "position": [
      0.0,
      0.0,
      0.0
    ],
    "rotation": {
      "roll": 0.0,
      "pitch": 0.0,
      "yaw": 0.0,
      "quaternion": {
        "x": 0.0,
        "y": 0.0,
        "z": 0.0,
        "w": 1.0
      }
    }
  },
  "markers": [
    {
      "aruco_id": 19,
      "face_type": "right",
      "surface_normal": [
        0.99999999,
        0.0,
        0.0
      ],
      "T_object_to_marker": {
        "position": {
          "x": 0.012949999570846558,
          "y": 0.0,
          "z": 0.0
        },
        "rotation": {
          "roll": 0.0,
          "pitch": 1.5707963267948966,
          "yaw": 6.283185307179586,
          "quaternion": {
            "x": 8.659560494342904e-17,
            "y": -0.7071067756329439,
            "z": 8.659560630366963e-17,
            "w": -0.7071067867401513
          }
        }
      }
    },
    {
      "aruco_id": 18,
      "face_type": "left",
      "surface_normal": [
        -0.99999999,
        0.0,
        0.0
      ],
      "T_object_to_marker": {
        "position": {
          "x": -0.012949999570846558,
          "y": 0.0,
          "z": 0.0
        },
        "rotation": {
          "roll": 0.0,
          "pitch": -1.5707963267948966,
          "yaw": 0.0,
          "quaternion": {
            "x": 0.0,
            "y": -0.7071067756329438,
            "z": 0.0,
            "w": 0.7071067867401511
          }
        }
      }
    },
    {
      "aruco_id": 20,
      "face_type": "back",
      "surface_normal": [
        0.0,
        -0.99999999,
        0.0
      ],
      "T_object_to_marker": {
        "position": {
          "x": 0.0,
          "y": -0.07,
          "z": 0.0
        },
        "rotation": {
          "roll": 1.5707963267948966,
          "pitch": 0.0,
          "yaw": 3.141592653589793,
          "quaternion": {
            "x": 4.329780247171452e-17,
            "y": -0.7071067756329439,
            "z": 0.7071067867401513,
            "w": 4.3297803151834814e-17
          }
        }
      }
    },
    {
      "aruco_id": 21,
      "face_type": "front",
      "surface_normal": [
        0.0,
        0.99999999,
        0.0
      ],
      "T_object_to_marker": {
        "position": {
          "x": 0.0,
          "y": 0.07,
          "z": 0.0
        },
        "rotation": {
          "roll": -1.5707963267948966,
          "pitch": 0.0,
          "yaw": 3.1415926535897927,
          "quaternion": {
            "x": -2.0030704710694432e-16,
            "y": 0.7071067756329439,
            "z": 0.7071067867401513,
            "w": 2.0030705025336007e-16
          }
        }
      }
    },
    {
      "aruco_id": 22,
      "face_type": "bottom",
      "surface_normal": [
        0.0,
        0.0,
        -0.99999999
      ],
      "T_object_to_marker": {
        "position": {
          "x": 0.0,
          "y": 0.0,
          "z": -0.012949999570846558
        },
        "rotation": {
          "roll": 3.141592653589793,
          "pitch": 0.0,
          "yaw": 3.141592653589793,
          "quaternion": {
            "x": 6.123233995736766e-17,
            "y": -1.0,
            "z": 6.123233995736766e-17,
            "w": 3.749399456654644e-33
          }
        }
      }
    },
    {
      "aruco_id": 23,
      "face_type": "top",
      "surface_normal": [
        0.0,
        0.0,
        0.99999999
      ],
      "T_object_to_marker": {
        "position": {
          "x": 0.0,
          "y": 0.0,
          "z": 0.012949999570846558
        },
        "rotation": {
          "roll": 0.0,
          "pitch": 0.0,
          "yaw": 3.1415926535897936,
          "quaternion": {
            "x": 0.0,
            "y": 0.0,
            "z": 1.0,
            "w": -1.6081226496766364e-16
          }
        }
      }
    }
  ],
  "notes": "T_object_to_marker is the complete transform from object center to marker."
}